"season_number","Contestant","Age","Occupation","Hometown","contestant_urls","Blind Taste Test Score","Challenges Won","Services Won","Times as BoW/Announcer","Times Nominated","Placement","Episode Eliminated/Withdrew","Signature Dish Challenge Score"
"Season 1","Andrew Bonito",24,"Office Assistant","Livingston, NJ","https://hellskitchen.fandom.com/wiki/Andrew_Bonito","1 out of 4","1","3","0","3","6th","Day 6",NA
"Season 1","Jessica Cabo",26,"Headhunter","Huntington, NY","https://hellskitchen.fandom.com/wiki/Jessica_Cabo","0 out of 4","1","3","2","2","3rd","Day 9",NA
"Season 1","Jimmy Casey",25,"Purchasing Supervisor","Williston Park, NY","https://hellskitchen.fandom.com/wiki/Jimmy_Casey","1 out of 4","5","3","0","1","5th","Day 7",NA
"Season 1","Mary Ellen Daniels",27,"Bartender","Belmont, MA","https://hellskitchen.fandom.com/wiki/Mary_Ellen_Daniels",NA,"1","2","0","1","8th","Day 4",NA
"Season 1","Jeffery Dewberry",33,"Pastry Chef","Stockbridge, GA","https://hellskitchen.fandom.com/wiki/Jeffery_Dewberry",NA,"1","0","0","2","11th","Day 2",NA
"Season 1","Jeff LaPoff",28,"Finance Manager","Orange, NJ","https://hellskitchen.fandom.com/wiki/Jeff_LaPoff",NA,"2","0","0","1","10th","Day 3",NA
"Season 1","Wendy Liu",32,"Account Manager","Millburn, NJ","https://hellskitchen.fandom.com/wiki/Wendy_Liu",NA,"0","2","0","1","9th","Day 3",NA
"Season 1","Chris North",35,"Executive Chef","Yorktown Heights, NY","https://hellskitchen.fandom.com/wiki/Chris_North",NA,"3","2","1","1","7th","Day 5",NA
"Season 1","Ralph Pagano",36,"Professional Chef","Livingston, NJ","https://hellskitchen.fandom.com/wiki/Ralph_Pagano","0 out of 2","2","3","2","1","Runner-up",NA,NA
"Season 1","Elsie Ramos",40,"Mother of Six","Maywood, NJ","https://hellskitchen.fandom.com/wiki/Elsie_Ramos","3 out of 4","5","3","1","2","4th","Day 8",NA
"Season 1","Carolann Valentino",33,"Server's Assistant","Dallas, TX","https://hellskitchen.fandom.com/wiki/Carolann_Valentino",NA,"0","0","0","1","12th","Day 1",NA
"Season 1","Michael Wray",27,"Professional Chef","Fort Collins, CO","https://hellskitchen.fandom.com/wiki/Michael_Wray","0 out of 1","4","5","1","0","Winner",NA,NA
"Season 2","Giacomo Alfieri",21,"Pizza Chef","Euless, TX","https://hellskitchen.fandom.com/wiki/Giacomo_Alfieri",NA,"0","1","0","2","9th","9 Chefs",NA
"Season 2","Rachel Brown",39,"Personal Chef","Dallas, TX","https://hellskitchen.fandom.com/wiki/Rachel_Brown",NA,"3","2","0","2","7th","7 Chefs",NA
"Season 2","Virginia Dalbeck",25,"Salad Chef","New York City, NY","https://hellskitchen.fandom.com/wiki/Virginia_Dalbeck","3 out of 4","7","2","1","6","Runner-up",NA,NA
"Season 2","Gabe Gagliardi",27,"Marketing Executive","Chicago, IL","https://hellskitchen.fandom.com/wiki/Gabe_Gagliardi",NA,"0","1","0","1","10th","11 Chefs",NA
"Season 2","Keith Greene",28,"Chef & Bartender","Southampton, NY","https://hellskitchen.fandom.com/wiki/Keith_Greene","2 out of 4","2","3","3","1","3rd","3 Chefs",NA
"Season 2","Polly Holladay",43,"Caterer","Ben Franklin, TX","https://hellskitchen.fandom.com/wiki/Polly_Holladay",NA,"0","0","0","1","12th","12 Chefs",NA
"Season 2","Sara Horowitz",31,"Deli Manager","Dallas, TX","https://hellskitchen.fandom.com/wiki/Sara_Horowitz","2 out of 3","4","2","1","2","4th","4 Chefs",NA
"Season 2","Maribel Miller",31,"Cafeteria Chef","Brooklyn, NY","https://hellskitchen.fandom.com/wiki/Maribel_Miller","2 out of 4","4","2","0","2","6th","6 Chefs",NA
"Season 2","Tom Pauley",43,"Former Stockbroker","Belleville, NJ","https://hellskitchen.fandom.com/wiki/Tom_Pauley",NA,"1","1","0","3","8th","8 Chefs",NA
"Season 2","Larry Sik",38,"Fishmonger","Arlington, TX","https://hellskitchen.fandom.com/wiki/Larry_Sik",NA,"0","1","0","0","11th","11 Chefs",NA
"Season 2","Garrett Telle",27,"Former Prison Chef","Cedar Park, TX","https://hellskitchen.fandom.com/wiki/Garrett_Telle","2 out of 4","1","3","1","1","5th","5 Chefs",NA
"Season 2","Heather West",25,"Sous Chef","Port Jefferson, NY","https://hellskitchen.fandom.com/wiki/Heather_West","2 out of 4","3","4","2","0","Winner",NA,NA
"Season 3","Joanna Dunn",22,"Assistant Chef","Detroit, MI","https://hellskitchen.fandom.com/wiki/Joanna_Dunn",NA,"2","1","1","2","9th","10 Chefs Compete",NA
"Season 3","Vinnie Fama",29,"Nightclub Chef","Milltown, NJ","https://hellskitchen.fandom.com/wiki/Vinnie_Fama","0 out of 1","0","2","0","1","8th","8 Chefs Compete",NA
"Season 3","Melissa Firpo",29,"Line Cook","New York City, NY","https://hellskitchen.fandom.com/wiki/Melissa_Firpo","1 out of 3","3","1","1","2","7th","7 Chefs Compete, Part 2",NA
"Season 3","Rock Harper",30,"Executive Chef","Spotsylvania, VA","https://hellskitchen.fandom.com/wiki/Rock_Harper","2 out of 3","2","3","2","1","Winner",NA,NA
"Season 3","Eddie Langley",28,"Grill Cook","Atlanta, GA","https://hellskitchen.fandom.com/wiki/Eddie_Langley",NA,"0","1","0","1","11th","11 Chefs Compete",NA
"Season 3","Brad Miller",25,"Sous Chef","Scottsdale, AZ","https://hellskitchen.fandom.com/wiki/Brad_Miller","1 out of 3","2","3","1","2","6th","6 Chefs Compete",NA
"Season 3","Bonnie Muirhead",26,"Nanny & Personal Chef","Santa Monica, CA","https://hellskitchen.fandom.com/wiki/Bonnie_Muirhead","2 out of 3","5","2","1","3","Runner-up",NA,NA
"Season 3","Tiffany Nagel",27,"Kitchen Manager","Scottsdale, AZ","https://hellskitchen.fandom.com/wiki/Tiffany_Nagel",NA,"0","0","0","1","12th","12 Chefs Compete",NA
"Season 3","Aaron Song",48,"Retirement Home Chef","Rancho Palos Verdes, CA","https://hellskitchen.fandom.com/wiki/Aaron_Song",NA,"0","1","0","0","10th","10 Chefs Compete",NA
"Season 3","Josh Wahler",26,"Jr. Sous Chef","Miami Beach, FL","https://hellskitchen.fandom.com/wiki/Josh_Wahler","0 out of 3","2","3","0","3","5th","5 Chefs Compete",NA
"Season 3","Julia Williams",28,"Short Order Cook","Atlanta, GA","https://hellskitchen.fandom.com/wiki/Julia_Williams","2 out of 3","5","2","1","2","4th","5 Chefs Compete",NA
"Season 3","Jen Yemola",26,"Pastry Chef","Hazelton, PA","https://hellskitchen.fandom.com/wiki/Jen_Yemola","N/A","5","2","2","1","3rd","3 Chefs Compete",NA
"Season 4","Bobby Anderson",37,"Executive Chef","Niagara Falls, NY","https://hellskitchen.fandom.com/wiki/Bobby_Anderson",NA,"2","4","2","2","5th","5 Chefs Compete",NA
"Season 4","Ben Caylor",29,"Electrician & Former Chef","Charlotte, NC","https://hellskitchen.fandom.com/wiki/Ben_Caylor",NA,"2","3","3","2","9th","9 Chefs Compete",NA
"Season 4","Dominic DiFrancesco",43,"Stay-at-Home Dad","Catawba, SC","https://hellskitchen.fandom.com/wiki/Dominic_DiFrancesco",NA,"0","0","0","1","15th","15 Chefs Compete",NA
"Season 4","Corey Earling",25,"Private Chef","Brooklyn, NY","https://hellskitchen.fandom.com/wiki/Corey_Earling","1 out of 3","6","6","3","3","3rd","3 Chefs Compete",NA
"Season 4","Louross Edralin",24,"Hotel Cook","Las Vegas, NV","https://hellskitchen.fandom.com/wiki/Louross_Edralin",NA,"2","3","2","3","7th","7 Chefs Compete",NA
"Season 4","Rosann Fama",33,"Law Office Receptionist & Former Cook","Staten Island, NY","https://hellskitchen.fandom.com/wiki/Rosann_Fama",NA,"5","4","0","2","8th","8 Chefs Compete",NA
"Season 4","Jen Gavin",24,"Garde Manger","Chicago, IL","https://hellskitchen.fandom.com/wiki/Jen_Gavin",NA,"5","6","0","4","4th","4 Chefs Compete",NA
"Season 4","Vanessa Gunnell",31,"Line Cook","Bozeman, MT","https://hellskitchen.fandom.com/wiki/Vanessa_Gunnell",NA,"3","2","0","1","11th","11 Chefs Compete",NA
"Season 4","Christina Machamer",25,"Culinary Student","St. Louis, MO","https://hellskitchen.fandom.com/wiki/Christina_Machamer","2 out of 3","9","6","5","5","Winner",NA,NA
"Season 4","Louis Petrozza",47,"Catering Director","Charlotte, NC","https://hellskitchen.fandom.com/wiki/Louis_Petrozza",NA,"3","4","2","1","Runner-up",NA,NA
"Season 4","Craig Schneider",30,"Sous Chef","Coram, NY","https://hellskitchen.fandom.com/wiki/Craig_Schneider",NA,"1","1","0","1","12th","12 Chefs Compete",NA
"Season 4","Matt Sigel",35,"Sous Chef","Pine Hill, NJ","https://hellskitchen.fandom.com/wiki/Matt_Sigel",NA,"5","5","0","4","6th","6 Chefs Compete",NA
"Season 4","Sharon Stewart",31,"Room Service Chef","Las Vegas, NV","https://hellskitchen.fandom.com/wiki/Sharon_Stewart",NA,"0","1","0","0","14th","14 Chefs Compete",NA
"Season 4","Jason Underwood",29,"Sous Chef","Youngstown, OH","https://hellskitchen.fandom.com/wiki/Jason_Underwood",NA,"1","1","0","1","13th","13 Chefs Compete",NA
"Season 4","Shayna Zadok",28,"Catering Company Owner","Buffalo, NY","https://hellskitchen.fandom.com/wiki/Shayna_Zadok",NA,"3","3","0","1","10th","10 Chefs Compete",NA
"Season 5","Coi Burruss",22,"Cafe Chef","Austin, TX","https://hellskitchen.fandom.com/wiki/Coi_Burruss",NA,"2","2","0","1","11th","11 Chefs Compete",NA
"Season 5","Ji-Hyun Cha",33,"Private Caterer","Palisades Park, NJ","https://hellskitchen.fandom.com/wiki/Ji-Hyun_Cha",NA,"0","1","0","0","15th","15 Chefs Compete",NA
"Season 5","Colleen Cleek",41,"Culinary Instructor","Papillion, NE","https://hellskitchen.fandom.com/wiki/Colleen_Cleek",NA,"2","2","0","2","12th","12 Chefs Compete",NA
"Season 5","Lacey D'Angelo",24,"Corporate Buffet Cook","Charlotte, NC","https://hellskitchen.fandom.com/wiki/Lacey_D%27Angelo",NA,"2","3","1","3","9th","9 Chefs Compete",NA
"Season 5","Paula DaSilva",28,"Executive Sous Chef","Coconut Creek, FL","https://hellskitchen.fandom.com/wiki/Paula_DaSilva","3 out of 10","5","4","2","1","Runner-up",NA,NA
"Season 5","Giovanni Filippone",37,"Executive Chef","Destin, FL","https://hellskitchen.fandom.com/wiki/Giovanni_Filippone","0 out of 4","5","4","1","1","6th","6 Chefs Compete",NA
"Season 5","Andrea Heinly",30,"Line Cook","Reading, PA","https://hellskitchen.fandom.com/wiki/Andrea_Heinly","2 out of 4","5","4","2","5","3rd","3 Chefs Compete",NA
"Season 5","Robert Hesse",29,"Sous Chef","Quogue, NY","https://hellskitchen.fandom.com/wiki/Robert_Hesse","0 out of 4","4","3","1","2","5th","5 Chefs Compete",NA
"Season 5","Wil Kocol",26,"Quality Control Chef","Elgin, IL","https://hellskitchen.fandom.com/wiki/Wil_Kocol",NA,"0","0","0","1","16th","16 Chefs Compete",NA
"Season 5","Seth Levine",27,"Private Party Chef","New York, NY","https://hellskitchen.fandom.com/wiki/Seth_Levine",NA,"2","1","1","3","13th","13 Chefs Compete",NA
"Season 5","LA Limtiaco",22,"Line Cook","Las Vegas, NV","https://hellskitchen.fandom.com/wiki/LA_Limtiaco",NA,"4","3","2","2","8th","9 Chefs Compete",NA
"Season 5","J Maxwell",32,"Food Court Chef","Clifton Park, NY","https://hellskitchen.fandom.com/wiki/J_Maxwell",NA,"3","2","1","1","10th","10 Chefs Compete",NA
"Season 5","Charlie McKay",24,"Prep Chef","Las Vegas, NV","https://hellskitchen.fandom.com/wiki/Charlie_McKay",NA,"2","1","0","1","14th","14 Chefs Compete",NA
"Season 5","Carol Scott",30,"Sous Chef","Knoxville, TN","https://hellskitchen.fandom.com/wiki/Carol_Scott","3 out of 4","4","4","0","1","7th","7 Chefs Compete",NA
"Season 5","Danny Veltri",23,"Executive Chef","Edgewater, FL","https://hellskitchen.fandom.com/wiki/Danny_Veltri","3 out of 10","6","3","3","0","Winner",NA,NA
"Season 5","Ben Walanka",26,"Executive Sous Chef","Chicago, IL","https://hellskitchen.fandom.com/wiki/Ben_Walanka","3 out of 4","5","3","1","5","4th","4 Chefs Compete",NA
"Season 6","Ariel Contreras-Fox",27,"Sous Chef","Los Angeles, CA","https://hellskitchen.fandom.com/wiki/Ariel_Contreras-Fox","2 out of 4","6","1","4","2","3rd","3 Chefs Compete","0 out of 1"
"Season 6","Louie Cordio",45,"Diner Owner","Fitchburg, MA","https://hellskitchen.fandom.com/wiki/Louie_Cordio",NA,"1","0","0","0","17th","16 Chefs Compete","0 out of 1"
"Season 6","Kevin Cottle",35,"Executive Chef","Middletown, CT","https://hellskitchen.fandom.com/wiki/Kevin_Cottle","1 out of 4","6","5","2","0","Runner-up",NA,"0 out of 1"
"Season 6","Tony D'Alessandro",30,"Culinary Store Manager","Chicago, IL","https://hellskitchen.fandom.com/wiki/Tony_D%27Alessandro",NA,"2","1","0","1","14th","14 Chefs Compete","1 out of 1"
"Season 6","Amanda Davenport",27,"Sous Chef","New York, NY","https://hellskitchen.fandom.com/wiki/Amanda_Davenport","1 out of 2","4","1","0","3","9th","9 Chefs Compete","0 out of 1"
"Season 6","Sabrina Gresset",34,"Restaurant Manager","New Caney, TX","https://hellskitchen.fandom.com/wiki/Sabrina_Gresset","1 out of 4","5","1","2","4","7th","7 Chefs Compete","0 out of 1"
"Season 6","Robert Hesse",30,"Executive Chef","Quogue, NY","https://hellskitchen.fandom.com/wiki/Robert_Hesse","0 out of 4","4","3","1","2","5th","5 Chefs Compete",NA
"Season 6","Van Hurd",26,"Fish Cook","Dallas, TX","https://hellskitchen.fandom.com/wiki/Van_Hurd","1 out of 4","5","5","1","3","6th","6 Chefs Compete","1 out of 1"
"Season 6","Andy Husbands",39,"Executive Chef","Boston, MA","https://hellskitchen.fandom.com/wiki/Andy_Husbands","1 out of 3","4","5","0","4","8th","8 Chefs Compete","0 out of 1"
"Season 6","Lovely Jackson",23,"Camp Chef","Chicago, IL","https://hellskitchen.fandom.com/wiki/Lovely_Jackson",NA,"2","0","0","3","13th","13 Chefs Compete","0 out of 1"
"Season 6","Dave Levey",32,"Executive Chef","San Diego, CA","https://hellskitchen.fandom.com/wiki/Dave_Levey","1 out of 4","8","5","3","0","Winner",NA,"0 out of 1"
"Season 6","Jim McGloin",34,"Sous Chef","Nashua, NH","https://hellskitchen.fandom.com/wiki/Jim_McGloin",NA,"3","4","0","0","11th","11 Chefs Compete","1 out of 1"
"Season 6","Melinda Meaney",38,"Private Chef","Philadelphia, PA","https://hellskitchen.fandom.com/wiki/Melinda_Meaney",NA,"0","0","0","1","16th","16 Chefs Compete","0 out of 1"
"Season 6","Tennille Middleton",28,"Executive Chef","Hampton Roads, VA","https://hellskitchen.fandom.com/wiki/Tennille_Middleton",NA,"6","1","3","3","4th","4 Chefs Compete","1 out of 1"
"Season 6","Tek Moore",27,"Line Cook","Greenwich, CT","https://hellskitchen.fandom.com/wiki/Tek_Moore",NA,"2","0","0","2","12th","12 Chefs Compete","1 out of 1"
"Season 6","Suzanne Schlicht",24,"Sous Chef","Milwaukee, WI","https://hellskitchen.fandom.com/wiki/Suzanne_Schlicht","2 out of 4","7","1","0","4","5th","5 Chefs Compete","0 out of 1"
"Season 6","Joseph Tinnelly",27,"Former US Marine & Sous Chef","Massapequa Park, NY","https://hellskitchen.fandom.com/wiki/Joseph_Tinnelly",NA,"2","1","1","0","15th","14 Chefs Compete","0 out of 1"
"Season 7","Siobhan Allgood",25,"Pub Executive Chef","Rockledge, PA","https://hellskitchen.fandom.com/wiki/Siobhan_Allgood",NA,"2","1","0","3","9th","9 Chefs Compete","1 out of 1"
"Season 7","Ed Battaglia",28,"High School Cooking Teacher","Burlington, NJ","https://hellskitchen.fandom.com/wiki/Ed_Battaglia","0 out of 4","7","7","0","3","6th","6 Chefs Compete","0 out of 1"
"Season 7","Jamie Bisoulis",26,"Sous Chef","Chicago, IL","https://hellskitchen.fandom.com/wiki/Jamie_Bisoulis",NA,"1","0","0","2","13th","13 Chefs Compete","0 out of 1"
"Season 7","Salvatore Coppola",35,"Pizzeria Chef","Monte Di Procida, Italy","https://hellskitchen.fandom.com/wiki/Salvatore_Coppola",NA,"5","6","1","0","10th","10 Chefs Compete","0 out of 1"
"Season 7","Jason Ellis",37,"Personal Chef","Greenville, SC","https://hellskitchen.fandom.com/wiki/Jason_Ellis","1 out of 4","7","7","1","2","5th","5 Chefs Compete","1 out of 1"
"Season 7","Andrew Forster",28,"Farmer","West Babylon, NY","https://hellskitchen.fandom.com/wiki/Andrew_Forster",NA,"2","1","0","0","15th","15 Chefs Compete","0 out of 1"
"Season 7","Scott Hawley",32,"Executive Chef","Modesto, CA","https://hellskitchen.fandom.com/wiki/Scott_Hawley",NA,"3","2","0","3","11th","11 Chefs Compete","0 out of 1"
"Season 7","Nilka Hendricks",28,"Line Cook","Glen Cove, NY","https://hellskitchen.fandom.com/wiki/Nilka_Hendricks","1 out of 4","3","1","2","1","7th","7 Chefs Compete","0 out of 1"
"Season 7","Fran Klier",44,"Catering Chef","Rockville Center, NY","https://hellskitchen.fandom.com/wiki/Fran_Klier","0 out of 4","2","1","2","6","8th","8 Chefs Compete","0 out of 1"
"Season 7","Benjamin Knack",33,"Culinary Instructor","Elmont, NY","https://hellskitchen.fandom.com/wiki/Benjamin_Knack","1 out of 4","8","6","3","2","3rd","4 Chefs Compete Part 2","1 out of 1"
"Season 7","Autumn Lewis",29,"Personal Chef","Chicago, IL","https://hellskitchen.fandom.com/wiki/Autumn_Lewis","1 out of 4","6","5","2","7","4th","4 Chefs Compete Part 2","1 out of 1"
"Season 7","Jay Santos",32,"Executive Chef","Melrose, MA","https://hellskitchen.fandom.com/wiki/Jay_Santos","2 out of 4","9","7","2",NA,"Runner-up",NA,"1 out of 1"
"Season 7","Stacey Slichta",38,"Private Chef","Buffalo, NY","https://hellskitchen.fandom.com/wiki/Stacey_Slichta",NA,"0","0","0","1","16th","16 Chefs Compete","0 out of 1"
"Season 7","Mikey Termini",29,"Line Cook","Santa Cruz, CA","https://hellskitchen.fandom.com/wiki/Mikey_Termini",NA,"2","1","0","0","14th","15 Chefs Compete","1 out of 1"
"Season 7","Maria Torrisi",24,"Kitchen Supervisor","Scranton, PA","https://hellskitchen.fandom.com/wiki/Maria_Torrisi",NA,"1","1","1","1","12th","12 Chefs Compete Part 2","1 out of 1"
"Season 7","Holli Ugalde",24,"Banquet Chef","San Bernardino, CA","https://hellskitchen.fandom.com/wiki/Holli_Ugalde","1 out of 4","5","2","3","0","Winner",NA,"0 out of 1"
"Season 8","Vinny Accardi",29,"Line Cook","Queens, NY","https://hellskitchen.fandom.com/wiki/Vinny_Accardi","2 out of 4","5","3","1","3","7th","7 Chefs Compete","1 out of 1"
"Season 8","Antonia Boregman",40,"Line Cook & Beautician","Chicago, IL","https://hellskitchen.fandom.com/wiki/Antonia_Boregman",NA,"0",NA,"0",NA,"16th","16 Chefs Compete","0 out of 1"
"Season 8","Raj Brandston",49,"Personal Chef","Queens, NY","https://hellskitchen.fandom.com/wiki/Raj_Brandston",NA,"2","1","0","2","13th","13 Chefs Compete","0 out of 1"
"Season 8","Sabrina Brimhall",22,"Prep Chef","San Diego, CA","https://hellskitchen.fandom.com/wiki/Sabrina_Brimhall","0 out of 4","5","4","3","7","6th","6 Chefs Compete","1 out of 1"
"Season 8","Lewis Curtis",26,"Executive Chef","Beebe, AR","https://hellskitchen.fandom.com/wiki/Lewis_Curtis",NA,"2","0","0","0","14th","14 Chefs Compete",NA
"Season 8","Melissa Doney",31,"Executive Sous Chef","Albany, NY","https://hellskitchen.fandom.com/wiki/Melissa_Doney",NA,"3","1","0","3","10th","10 Chefs Compete",NA
"Season 8","Jillian Flathers",28,"Sous Chef","Pagosa Springs, CO","https://hellskitchen.fandom.com/wiki/Jillian_Flathers","2 out of 4","6","4","3","0","3rd","4 Chefs Compete Again","1 out of 1"
"Season 8","Russell Kook",29,"Sous Chef","Madison, WI","https://hellskitchen.fandom.com/wiki/Russell_Kook","2 out of 4","7","3","2","2","Runner-up",NA,"1 out of 1"
"Season 8","Emily Kutchins",29,"Senior Home Executive Chef","Chicago, IL","https://hellskitchen.fandom.com/wiki/Emily_Kutchins",NA,"2","1","0","2","11th","11 Chefs Compete",NA
"Season 8","Lisa LaFranca",48,"Corporate Food Director","Brooklyn, NY","https://hellskitchen.fandom.com/wiki/Lisa_LaFranca",NA,"0","0","0","1","15th","16 Chefs Compete",NA
"Season 8","Rob McCue",36,"Law Firm Chef","Brooklyn, NY","https://hellskitchen.fandom.com/wiki/Rob_McCue","0 out of 4","4","3","1","3","8th","8 Chefs Compete","0 out of 1"
"Season 8","Trev McGrath",30,"Line Cook & Bartender","Chicago, IL","https://hellskitchen.fandom.com/wiki/Trev_McGrath","1 out of 4","6","4","5","5","4th","4 Chefs Compete Again","0 out of 1"
"Season 8","Gail Novenario",28,"Executive Chef","Wantagh, NY","https://hellskitchen.fandom.com/wiki/Gail_Novenario","1 out of 4","6","4","2","2","5th","5 Chefs Compete","0 out of 1"
"Season 8","Boris Poleschuk",38,"Catering Chef","Manalapan, NJ","https://hellskitchen.fandom.com/wiki/Boris_Poleschuk",NA,"4","3","1","5","9th","9 Chefs Compete Part 2","1 out of 1"
"Season 8","Louis Repucci",28,"Children's Camp Chef","Diamond Bar, CA","https://hellskitchen.fandom.com/wiki/Louis_Repucci",NA,"3","1","1","1","12th","12 Chefs Compete",NA
"Season 8","Nona Sivley",29,"Sous Chef","Atlanta, GA","https://hellskitchen.fandom.com/wiki/Nona_Sivley","3 out of 4","6","4","3","2","Winner",NA,"0 out of 1"
"Season 9","Elizabeth Bianchi",27,"Line Cook","New York, NY","https://hellskitchen.fandom.com/wiki/Elizabeth_Bianchi","0 out of 4","5","4","0","1","6th","6 Chefs Compete","1 out of 1"
"Season 9","Natalie Blake",23,"Sous Chef","Harrodsburg, KY","https://hellskitchen.fandom.com/wiki/Natalie_Blake","1 out of 4","4","4","2","3","7th",NA,"1 out of 1"
"Season 9","Chino Chang",39,"Executive Chef","Hatboro, PA","https://hellskitchen.fandom.com/wiki/Chino_Chang",NA,"3","1","0","3","14th","14 Chefs Compete","0 out of 1"
"Season 9","Amanda Colello",26,"Personal Chef","Sun City, CA","https://hellskitchen.fandom.com/wiki/Amanda_Colello",NA,"0","2","0","1","15th","15 Chefs Compete","1 out of 1"
"Season 9","Jamie Gregorich",24,"Sous Chef","Bradenton, FL","https://hellskitchen.fandom.com/wiki/Jamie_Gregorich",NA,"3","4","0","1","9th","9 Chefs Compete","0 out of 1"
"Season 9","Brendan Heavey",31,"Head Chef","Hoboken, NJ","https://hellskitchen.fandom.com/wiki/Brendan_Heavey",NA,"2","0","0","1","16th","16 Chefs Compete","1 out of 1"
"Season 9","Carrie Keep",31,"Pantry Chef","Dallas, TX","https://hellskitchen.fandom.com/wiki/Carrie_Keep","1 out of 4","4","4","2","4","8th","8 Chefs Compete","0 out of 1"
"Season 9","Monterray Keys",34,"Line Cook","Darby, PA","https://hellskitchen.fandom.com/wiki/Monterray_Keys",NA,"5","1","0","4","12th","12 Chefs Compete","1 out of 1"
"Season 9","Will Lustberg",31,"Sous Chef","Jersey City, NJ","https://hellskitchen.fandom.com/wiki/Will_Lustberg","1 out of 4","9","3","3","0","Runner-up",NA,"1 out of 1"
"Season 9","Gina Melcher",34,"Restaurant Consultant","Cape May, NJ","https://hellskitchen.fandom.com/wiki/Gina_Melcher",NA,"1","2","0","0","13th","13 Chefs Compete","0 out of 1"
"Season 9","Paul Niedermann",27,"Jr Sous Chef","Davie, FL","https://hellskitchen.fandom.com/wiki/Paul_Niedermann","1 out of 4","9","3","5","1","Winner",NA,"1 out of 1"
"Season 9","Jennifer Normant",34,"Chef de Cuisine","Boston, MA","https://hellskitchen.fandom.com/wiki/Jennifer_Normant","1 out of 4","5","4","4","4","5th","5 Chefs Compete Again","1 out of 1"
"Season 9","Steven Paluba",44,"Sauté Chef","Ridge, NY","https://hellskitchen.fandom.com/wiki/Steven_Paluba",NA,"1","0","0","1","17th","18 Chefs Compete","0 out of 1"
"Season 9","Krupa Patel",30,"Private Chef","Queens, NY","https://hellskitchen.fandom.com/wiki/Krupa_Patel",NA,"1","3","0","2","11th","11 Chefs Compete","0 out of 1"
"Season 9","Jonathon Plumley",34,"Head Cook","Memphis, TN","https://hellskitchen.fandom.com/wiki/Jonathon_Plumley",NA,"6","1","2","3","10th","10 Chefs Compete","0 out of 1"
"Season 9","Tommy Stevens",31,"Line Cook","Brewster, NY","https://hellskitchen.fandom.com/wiki/Tommy_Stevens","1 out of 4","7","3","0","2","4th","4 Chefs Compete","1 out of 1"
"Season 9","Elise Wims",26,"Line Cook","Pittsburgh, PA","https://hellskitchen.fandom.com/wiki/Elise_Harris","3 out of 4","5","4","1","7","3rd","4 Chefs Compete","1 out of 1"
"Season 9","Jason Zepaltas",29,"Line Cook","Chicago, IL","https://hellskitchen.fandom.com/wiki/Jason_Zepaltas",NA,"1",NA,NA,NA,"18th","18 Chefs Compete","1 out of 1"
"Season 10","Robyn Almodovar",31,"Executive Sous Chef","Hollywood, FL","https://hellskitchen.fandom.com/wiki/Robyn_Almodovar","0 out of 4","7","3","2","5","6th","6 Chefs Compete","1 out of 1"
"Season 10","Justin Antiorio",29,"Sous Chef","Lyndhurst, NJ","https://hellskitchen.fandom.com/wiki/Justin_Antiorio","4 out of 4","5","1","1","1","Runner-up",NA,"1 out of 1"
"Season 10","Chris Carrero",33,"Executive Chef","Queens, NY","https://hellskitchen.fandom.com/wiki/Chris_Carrero",NA,"0","0","0","1","17th","17 Chefs Compete","0 out of 1"
"Season 10","Clemenza Caserta",41,"Executive Chef","Long Island, NY","https://hellskitchen.fandom.com/wiki/Clemenza_Caserta","0 out of 4","6","1","3","7","5th","5 Chefs Compete","0 out of 1"
"Season 10","Patrick Cassata",40,"Executive Chef","Lombard, IL","https://hellskitchen.fandom.com/wiki/Patrick_Cassata",NA,"3","1","1","3","11th","11 Chefs Compete Part 2",NA
"Season 10","Dana Cohen",27,"Chef Instructor","River Vale, NJ","https://hellskitchen.fandom.com/wiki/Dana_Cohen","2 out of 4","8","5","2","0","3rd","2 Chefs Compete","1 out of 1"
"Season 10","Roshni Gurnani",28,"Executive Chef","Boston, MA","https://hellskitchen.fandom.com/wiki/Roshni_Gurnani",NA,"4","1","1","4","12th","12 Chefs Compete","1 out of 1"
"Season 10","Tavon Hubbard",22,"Executive Chef","Washington, DC","https://hellskitchen.fandom.com/wiki/Tavon_Hubbard",NA,"0","0","0","1","18th","18 Chefs Compete","0 out of 1"
"Season 10","Tiffany Johnson",30,"Sous Chef","Warren, VT","https://hellskitchen.fandom.com/wiki/Tiffany_Johnson","1 out of 4","5","4","0","2","9th","9 Chefs Compete Part 2","0 out of 1"
"Season 10","Barbie Marshall",34,"Catering Chef","Philadelphia, PA","https://hellskitchen.fandom.com/wiki/Barbie_Marshall","1 out of 4","7","5","1","5","4th","4 Chefs Compete","0 out of 1"
"Season 10","Brian Merel",31,"Personal Chef","Chicago, IL","https://hellskitchen.fandom.com/wiki/Brian_Merel","3 out of 4","5","1","2","3","7th","7 Chefs Compete","0 out of 1"
"Season 10","Danielle Rimmer",27,"Saucier","Bayonne, NJ","https://hellskitchen.fandom.com/wiki/Danielle_Rimmer",NA,"4","1","0","2","14th","14 Chefs Compete","0 out of 1"
"Season 10","Don Savage",44,"Cafeteria Chef","Houston, TX","https://hellskitchen.fandom.com/wiki/Don_Savage",NA,"1","1","0","2","15th","15 Chefs Compete","0 out of 1"
"Season 10","Briana Swanson",32,"Personal Chef","New York, NY","https://hellskitchen.fandom.com/wiki/Briana_Swanson",NA,"3","1","0","1","16th","16 Chefs Compete","1 out of 1"
"Season 10","Guy Vaknin",28,"Executive Catering Chef","New York, NY","https://hellskitchen.fandom.com/wiki/Guy_Vaknin",NA,"2","1","1","2","13th","13 Chefs Compete Part 2","0 out of 1"
"Season 10","Royce Wagner",29,"Sous Chef","Fort Lauderdale, FL","https://hellskitchen.fandom.com/wiki/Royce_Wagner",NA,"4","1","1","4","10th","10 Chefs Compete","1 out of 1"
"Season 10","Kimmie Willis",27,"Personal Chef","Memphis, TN","https://hellskitchen.fandom.com/wiki/Kimmie_Willis",NA,"6","4","1","1","8th","8 Chefs Compete","0 out of 1"
"Season 10","Christina Wilson",32,"Chef de Cuisine","Philadelphia, PA","https://hellskitchen.fandom.com/wiki/Christina_Wilson","2 out of 4","7","5","2","0","Winner",NA,"1 out of 1"
"Season 11","Gina Aloise",49,"Line Cook","Bronx, NY","https://hellskitchen.fandom.com/wiki/Gina_Aloise",NA,"1","1","0","0","19th","19 Chefs Compete","0 out of 1"
"Season 11","Ray Alongi",51,"Executive Chef","Boston, MA","https://hellskitchen.fandom.com/wiki/Raymond_Alongi",NA,"1","3","1","3","10th","10 Chefs Compete","1 out of 1"
"Season 11","Jacqueline Baldassari",27,"Roundsman","Florence, NJ","https://hellskitchen.fandom.com/wiki/Jacqueline_Baldassari",NA,"6","2","0","3","13th","13 Chefs Compete","1 out of 1"
"Season 11","Barret Beyer",35,"Head Chef","Long Island, NY","https://hellskitchen.fandom.com/wiki/Barret_Beyer",NA,"1","3","0","2","11th","12 Chefs Compete","0 out of 1"
"Season 11","Danielle Boorn",33,"Executive Chef","Atlanta, GA","https://hellskitchen.fandom.com/wiki/Danielle_Boorn",NA,"3","1","0","2","17th","17 Chefs Compete","0 out of 1"
"Season 11","Amanda Giblin",28,"Executive Chef","Orange County, NY","https://hellskitchen.fandom.com/wiki/Amanda_Giblin",NA,"7","2","1","2","12th","12 Chefs Compete","1 out of 1"
"Season 11","Nedra Harris",24,"Kitchen Manager","Detroit, MI","https://hellskitchen.fandom.com/wiki/Nedra_Harris",NA,"8","3","0","3","8th","8 Chefs Compete","1 out of 1"
"Season 11","Susan Heaton",29,"Culinary Student","Whittier, CA","https://hellskitchen.fandom.com/wiki/Susan_Heaton","1 out of 4","10","5","2","5","5th","5 Chefs Compete Part 3","0 out of 1"
"Season 11","Michael Langdon",33,"Executive Chef","Plains, PA","https://hellskitchen.fandom.com/wiki/Michael_Langdon",NA,"1","3","0","1","9th","9 Chefs Compete","1 out of 1"
"Season 11","Jessica Lewis",25,"Chef Tournant","New York, NY","https://hellskitchen.fandom.com/wiki/Jessica_Lewis",NA,"4","1","0","2","15th","15 Chefs Compete","1 out of 1"
"Season 11","Jeremy Madden",22,"Lead Cook","Los Angeles, CA","https://hellskitchen.fandom.com/wiki/Jeremy_Madden",NA,"0","1","0","2","16th","16 Chefs Compete Part 2",NA
"Season 11","Mary Poehnelt",26,"Butcher & Line Cook","Belchertown, MA","https://hellskitchen.fandom.com/wiki/Mary_Poehnelt","1 out of 4","11","5","2","4","Runner-up",NA,"0 out of 1"
"Season 11","Anthony Rodriguez",27,"Line Chef","New Orleans, LA","https://hellskitchen.fandom.com/wiki/Anthony_Rodriguez","0 out of 4","1","3","2","1","7th","7 Chefs Compete Part 2","0 out of 1"
"Season 11","Christian Rosati",38,"Line Cook & Sandwich Maker","Boston, MA","https://hellskitchen.fandom.com/wiki/Christian_Rosati",NA,"0","0","0","1","18th","19 Chefs Compete","1 out of 1"
"Season 11","Sebastian Royo",32,"Sous Chef","Brooklyn, NY","https://hellskitchen.fandom.com/wiki/Sebastian_Royo",NA,"0","0","0","1","20th","20 Chefs Compete Part 2","0 out of 1"
"Season 11","Dan Ryan",27,"Head Cook","Westchester, NY","https://hellskitchen.fandom.com/wiki/Dan_Ryan",NA,"1","2","1","3","14th","14 Chefs Compete","0 out of 1"
"Season 11","Jon Scallion",27,"Chef de Cuisine","York, PA","https://hellskitchen.fandom.com/wiki/Jon_Scallion","2 out of 4","5","4","4","0","3rd","2 Chefs Compete","1 out of 1"
"Season 11","Cyndi Stanimirov",25,"Head Chef","Queens, NY","https://hellskitchen.fandom.com/wiki/Cyndi_Stanimirov","2 out of 4","11","5","2","3","4th","4 Chefs Compete","0 out of 1"
"Season 11","Ja'Nel Witt",31,"Executive Chef","Houston, TX","https://hellskitchen.fandom.com/wiki/Ja%27Nel_Witt","3 out of 4","12","5","4","1","Winner",NA,"1 out of 1"
"Season 11","Zach Womack",34,"Head Line Cook","Philadelphia, PA","https://hellskitchen.fandom.com/wiki/Zach_Womack","4 out of 8","2","4","2","5","6th","6 Chefs Compete","0 out of 1"
"Season 12","Mike Aresta",38,"Chef Instructor","Keyport, NJ","https://hellskitchen.fandom.com/wiki/Mike_Aresta",NA,"1","0","0","2","17th","17 Chefs Compete","0 out of 1"
"Season 12","Rochelle Bergman",27,"Catering Chef","Riverside, CA","https://hellskitchen.fandom.com/wiki/Rochelle_Bergman","3 out of 4","7","5","3","2","4th","4 Chefs Compete","0 out of 1"
"Season 12","Scott Commings",36,"Executive Chef","Woodstock, IL","https://hellskitchen.fandom.com/wiki/Scott_Commings","2 out of 4","8","3","0","7","Winner",NA,"0 out of 1"
"Season 12","Michael DeMarco",29,"Line Cook","Scranton, PA","https://hellskitchen.fandom.com/wiki/Michael_DeMarco",NA,"1","0","0","5","16th","16 Chefs Compete","0 out of 1"
"Season 12","Chris Eversole",27,"Line Cook","Las Vegas, NV","https://hellskitchen.fandom.com/wiki/Chris_Eversole",NA,"2","1","1","2","14th","14 Chefs Compete","1 out of 1"
"Season 12","Melanie Finch",24,"Line Cook","Woodland Hills, CA","https://hellskitchen.fandom.com/wiki/Melanie_Finch","0 out of 4","6","6","2","0","3rd","4 Chefs Compete","1 out of 1"
"Season 12","Sandra Flores",36,"Sous Chef","Queens, NY","https://hellskitchen.fandom.com/wiki/Sandra_Flores",NA,"7","4","1","5","10th","10 Chefs Again","0 out of 1"
"Season 12","Michael Gabriel",26,"Executive Chef","Spring, TX","https://hellskitchen.fandom.com/wiki/Michael_Gabriel","1 out of 4","4","3","1","5","7th","7 Chefs Again","0 out of 1"
"Season 12","Simone Hammond",43,"Buffet Cook","Henderson, NV","https://hellskitchen.fandom.com/wiki/Simone_Hammond",NA,"2","0","0","2","18th","18 Chefs Compete","0 out of 1"
"Season 12","Ralph Johnson",28,"Chef de Partie","Boston, MA","https://hellskitchen.fandom.com/wiki/Ralph_Johnson",NA,"2","2","1","2","11th","11 Chefs Compete","1 out of 1"
"Season 12","Bev Lazo-Gonzalez",42,"Food Truck Chef","Whittier, CA","https://hellskitchen.fandom.com/wiki/Bev_Lazo-Gonzalez",NA,"5","3","0","1","13th","13 Chefs Compete","1 out of 1"
"Season 12","Richard Mancini",48,"Executive Chef","Bloomingdale, IL","https://hellskitchen.fandom.com/wiki/Richard_Mancini",NA,"5","2","3","3","9th","9 Chefs Compete","0 out of 1"
"Season 12","Gaurav Navin",34,"Executive Chef","East Stroudsburg, PA","https://hellskitchen.fandom.com/wiki/Gaurav_Navin",NA,"0","0","0","1","20th","20 Chefs Compete","0 out of 1"
"Season 12","Joy Parham-Thomas",25,"Kitchen Supervisor","Philadelphia, PA","https://hellskitchen.fandom.com/wiki/Joy_Parham-Thomas","2 out of 4","9","5","3","0","5th","5 Chefs Compete","0 out of 1"
"Season 12","Nicole Rutz",33,"Baker","Morganville, NJ","https://hellskitchen.fandom.com/wiki/Nicole_Rutz",NA,"1","0","0","1","19th","19 Chefs Compete","0 out of 1"
"Season 12","Beth Taylor",43,"Line Cook","Independence, LA","https://hellskitchen.fandom.com/wiki/Beth_Taylor",NA,"4","2","0","2","15th","15 Chefs Compete","1 out of 1"
"Season 12","Anton Testino",39,"Head Chef","Butler, NJ","https://hellskitchen.fandom.com/wiki/Anton_Testino","1 out of 4","4","3","1","2","8th","8 Chefs Compete","1 out of 1"
"Season 12","Jessica Vogel",29,"Line Cook","Sparta, NJ","https://hellskitchen.fandom.com/wiki/Jessica_Vogel",NA,"6","3","0","2","12th","11 Chefs Compete","1 out of 1"
"Season 12","Jason Zepaltas",31,"Sous Chef","Chicago, IL","https://hellskitchen.fandom.com/wiki/Jason_Zepaltas",NA,"1",NA,NA,NA,"18th","18 Chefs Compete","1 out of 1"
"Season 12","Kashia Zollicoffer",23,"Line Cook","Carthage, MS","https://hellskitchen.fandom.com/wiki/Kashia_Zollicoffer","1 out of 4","8","5","1","2","6th","6 Chefs Compete","1 out of 1"
"Season 13","Frank Bilotti",26,"Executive Chef","Staten Island, NY","https://hellskitchen.fandom.com/wiki/Frank_Bilotti",NA,"6","2","1","2","10th","11 Chefs Compete Part 2","1 out of 5"
"Season 13","Fernando Cruz",28,"Executive Chef","La Quinta, CA","https://hellskitchen.fandom.com/wiki/Fernando_Cruz","0 out of 4","4","4","1","2","8th","8 Chefs Compete","4 out of 5"
"Season 13","Sade Dancy",25,"Lead Line Cook","Philadelphia, PA","https://hellskitchen.fandom.com/wiki/Sade_Dancy","1 out of 4","4","5","2","0","3rd","4 Chefs Compete","2 out of 5"
"Season 13","JP DeDominicis",28,"Kitchen Manager","Boston, MA","https://hellskitchen.fandom.com/wiki/JP_DeDominicis",NA,"0","0","0","1","18th","18 Chefs Compete","1 out of 5"
"Season 13","Roe DiLeo",33,"Head Chef","Dallas, TX","https://hellskitchen.fandom.com/wiki/Roe_DiLeo","2 out of 5","8","4","2","6","5th","5 Chefs Compete","4 out of 5"
"Season 13","Bryant Gallaher",29,"Lead Line Cook","Virginia Beach, VA","https://hellskitchen.fandom.com/wiki/Bryant_Gallaher","3 out of 5","6","5","3","1","Runner-up",NA,"4 out of 5"
"Season 13","Denine Giordano",23,"Culinary Student","Philadelphia, PA","https://hellskitchen.fandom.com/wiki/Denine_Giordano",NA,"2","1","0","2","16th","16 Chefs Compete","3 out of 5"
"Season 13","Aaron Lhamon",28,"Lead Line Cook","Maynard, MA","https://hellskitchen.fandom.com/wiki/Aaron_Lhamon",NA,"4","4","1","3","9th","9 Chefs Compete","1 out of 5"
"Season 13","La Tasha McCutchen",33,"Kitchen Supervisor","Winter Haven, FL","https://hellskitchen.fandom.com/wiki/La_Tasha_McCutchen","1 out of 4","8","4","3","0","Winner",NA,"1 out of 5"
"Season 13","Katie McKeown",23,"Line Cook","Dallas, TX","https://hellskitchen.fandom.com/wiki/Katie_McKeown",NA,"3","2","0","2","13th","13 Chefs Compete","4 out of 5"
"Season 13","Kalen Morgenstern",32,"Sous Chef","River Oaks, TX","https://hellskitchen.fandom.com/wiki/Kalen_Morgenstern",NA,"3","2","0","2","14th","14 Chefs Compete","4 out of 5"
"Season 13","JR Robinson",29,"Private Chef","Washington, DC","https://hellskitchen.fandom.com/wiki/JR_Robinson",NA,"1","1","0","1","15th","15 Chefs Compete","3 out of 5"
"Season 13","Steve Rosenthal",34,"Executive Chef","Detroit, MI","https://hellskitchen.fandom.com/wiki/Steve_Rosenthal",NA,"4","3","0","3","11th","11 Chefs Compete Part 2","3 out of 5"
"Season 13","Jennifer Salhoff",33,"Private Chef","Philadelphia, PA","https://hellskitchen.fandom.com/wiki/Jennifer_Salhoff","0 out of 4","8","4","1","1","4th","4 Chefs Compete","2 out of 5"
"Season 13","Brian Santos",33,"Sous Chef","Boston, MA","https://hellskitchen.fandom.com/wiki/Brian_Santos","0 out of 4","5","5","2","3","6th","6 Chefs Compete","3 out of 5"
"Season 13","Ashley Sherman",29,"Lead Line Cook","Bethlehem, PA","https://hellskitchen.fandom.com/wiki/Ashley_Sherman",NA,"3","2","1","1","12th","12 Chefs Compete","3 out of 5"
"Season 13","Janai Simpson",24,"Chef de Partie","LaGrange, GA","https://hellskitchen.fandom.com/wiki/Janai_Simpson",NA,"2","1","0","1","17th","17 Chefs Compete","1 out of 5"
"Season 13","Sterling Wright",40,"Grill Chef","Nashville, TN","https://hellskitchen.fandom.com/wiki/Sterling_Wright","2 out of 4","7","3","0","4","7th","7 Chefs Compete","3 out of 5"
"Season 14","Sarah Baumert",27,"Chef Instructor","Dallas, TX","https://hellskitchen.fandom.com/wiki/Sarah_Baumert",NA,"4","2","1","3","12th","12 Chefs Compete","4 out of 5"
"Season 14","Randy Bell",45,"Line Cook","Nashville, TN","https://hellskitchen.fandom.com/wiki/Randy_Bell","1 out of 4","7","5","0","3","8th","8 Chefs Compete Again","3 out of 5"
"Season 14","Nick Peters",25,"Private Chef","Stoneham, MA","https://hellskitchen.fandom.com/wiki/Nick_Peters_Bond","1 out of 4","7","6","2","3","5th","5 Chefs Compete","3 out of 5"
"Season 14","Monique Booker",23,"Line Cook","Lynn, MA","https://hellskitchen.fandom.com/wiki/Monique_Booker",NA,"4","1","0","3","14th","14 Chefs Compete","1 out of 5"
"Season 14","Michael Dussault",38,"Senior Center Chef","Hartford, CT","https://hellskitchen.fandom.com/wiki/Michael_Dussault",NA,"1","1","0","2","16th","16 Chefs Compete","3 out of 5"
"Season 14","Meghan Gill",28,"Executive Chef","Roanoke, VA","https://hellskitchen.fandom.com/wiki/Meghan_Gill","3 out of 4","5","6","3","0","Winner",NA,"5 out of 5"
"Season 14","T Gregoire",31,"Line Cook","Atlanta, GA","https://hellskitchen.fandom.com/wiki/T_Gregoire","2 out of 4","7","4","1","0","Runner-up",NA,"5 out of 5"
"Season 14","Bret Hauser",30,"Sous Chef","Delray Beach, FL","https://hellskitchen.fandom.com/wiki/Bret_Hauser",NA,"4","4","1","0","11th","11 Chefs Compete","3 out of 5"
"Season 14","Christine Hazel",30,"Banquet Chef","Philadelphia, PA","https://hellskitchen.fandom.com/wiki/Christine_Hazel",NA,"4","3","0","4","9th","9 Chefs Compete","4 out of 5"
"Season 14","Mieka Houser",25,"Sous Chef","Olney, MD","https://hellskitchen.fandom.com/wiki/Mieka_Houser",NA,"3","1","0","1","15th","15 Chefs Compete","1 out of 5"
"Season 14","Adam Livow",31,"Amusement Park Chef","Freehold, NJ","https://hellskitchen.fandom.com/wiki/Adam_Livow",NA,"4","4","1","1","10th","11 Chefs Compete","4 out of 5"
"Season 14","Milly Medley",33,"Executive Chef","Philadelphia, PA","https://hellskitchen.fandom.com/wiki/Milly_Medley","4 out of 6","8","6","1","1","4th","4 Chefs Compete","3 out of 5"
"Season 14","Brendan Pelley",34,"Executive Chef","Bedford, MA","https://hellskitchen.fandom.com/wiki/Brendan_Pelley",NA,"2","3","0","1","13th","13 Chefs Compete","4 out of 5"
"Season 14","Alison Rivera",27,"Sous Chef","Manhattan, NY","https://hellskitchen.fandom.com/wiki/Alison_Rivera","2 out of 4","6","4","1","1","7th","7 Chefs Compete","3 out of 5"
"Season 14","Chrissa Schmerler",34,"Food Truck Chef & Owner","Bellmore, NY","https://hellskitchen.fandom.com/wiki/Chrissa_Schmerler",NA,"0","0","0","1","18th","18 Chefs Compete","1 out of 5"
"Season 14","Cameron Spagnolo",33,"Banquet Chef","Jersey City, NJ","https://hellskitchen.fandom.com/wiki/Cameron_Spagnolo",NA,"1","1","0","1","17th","17 Chefs Compete","4 out of 5"
"Season 14","Michelle Tribble",22,"Line Cook","Dallas, TX","https://hellskitchen.fandom.com/wiki/Michelle_Tribble","2 out of 4","7","4","2","3","3rd","4 Chefs Compete","4 out of 5"
"Season 14","Josh Trovato",24,"Chef de Cuisine","Brooklyn, NY","https://hellskitchen.fandom.com/wiki/Josh_Trovato","4 out of 6","8","4","1","5","6th","6 Chefs Compete","4 out of 5"
"Season 15","Kristin Barone",27,"Line Cook","Chicago, IL","https://hellskitchen.fandom.com/wiki/Kristin_Barone","3 out of 4","9","4","2","2","Runner-up",NA,"3 out of 5"
"Season 15","Jared Bobkin",28,"Line Cook","Oak Park, MI","https://hellskitchen.fandom.com/wiki/Jared_Bobkin","1 out of 4","7","5","2","4","4th","5 Chefs Compete","4 out of 5"
"Season 15","Sherkenna Buggs",30,"Personal Chef","Grand Junction, TN","https://hellskitchen.fandom.com/wiki/Sherkenna_Buggs",NA,"1","1","0","1","17th","17 Chefs Compete","2 out of 5"
"Season 15","Frank Cala",25,"Marine Chef","Brooklyn, NY","https://hellskitchen.fandom.com/wiki/Frank_Cala","0 out of 4","6","5","1","2","7th","7 Chefs Compete","3 out of 5"
"Season 15","Meese Davis",25,"College Chef","Upper Darby, PA","https://hellskitchen.fandom.com/wiki/Meese_Davis",NA,"1","1","0","3","15th","15 Chefs Compete","1 out of 5"
"Season 15","Jackie Fuchs",32,"Line Cook","Jersey City, NJ","https://hellskitchen.fandom.com/wiki/Jackie_Fuchs",NA,"5","2","1","4","8th","8 Chefs Compete","3 out of 5"
"Season 15","Chad Gelso",25,"Sous Chef","Philadelphia, PA","https://hellskitchen.fandom.com/wiki/Chad_Gelso",NA,"5","3","0","2","9th","9 Chefs Compete","4 out of 5"
"Season 15","Dannie Harrison",30,"Line Cook","Philadelphia, PA","https://hellskitchen.fandom.com/wiki/Dannie_Harrison","0 out of 4","6","4","1","2","6th","6 Chefs Compete","4 out of 5"
"Season 15","Eddie Jaskowiak",27,"Sous Chef","Philadelphia, PA","https://hellskitchen.fandom.com/wiki/Eddie_Jaskowiak",NA,"3","3","1","1","12th","12 Chefs Compete","3 out of 5"
"Season 15","Ariel Malone",26,"Country Club Chef","Hackensack, NJ","https://hellskitchen.fandom.com/wiki/Ariel_Malone","5 out of 8","7","4","3","3","Winner",NA,"3 out of 5"
"Season 15","Hassan Musselmani",24,"Catering Executive Chef","Detroit, MI","https://hellskitchen.fandom.com/wiki/Hassan_Musselmani",NA,"5","3","0","1","11th","11 Chefs Compete","4 out of 5"
"Season 15","Ashley Nickell",27,"Chef de Cuisine","Orlando, FL","https://hellskitchen.fandom.com/wiki/Ashley_Nickell","2 out of 4","7","4","1","1","3rd","3 Chefs Compete","2 out of 5"
"Season 15","Manda Palomino",30,"Sous Chef","Atlantic City, NJ","https://hellskitchen.fandom.com/wiki/Manda_Palomino","2 out of 4","5","3","3","5","5th","5 Chefs Compete","3 out of 5"
"Season 15","Mark Paras",27,"Line Cook","Anaheim, CA","https://hellskitchen.fandom.com/wiki/Mark_Paras",NA,"1","0","0","1","18th","18 Chefs Compete","1 out of 5"
"Season 15","Alan Parker",42,"Sous Chef","Lancaster, PA","https://hellskitchen.fandom.com/wiki/Alan_Parker",NA,"3","3","0","1","13th","14 Chefs Compete","1 out of 5"
"Season 15","Joe Ricci",31,"Sous Chef","Philadelphia, PA","https://hellskitchen.fandom.com/wiki/Joe_Ricci",NA,"4","4","1","2","10th","10 Chefs Again","3 out of 5"
"Season 15","Kevin Ridlon",29,"Culinary Manager","Warwick, RI","https://hellskitchen.fandom.com/wiki/Kevin_Ridlon",NA,"3","3","0","1","14th","15 Chefs Compete","1 out of 5"
"Season 15","Vanessa Soltero",33,"Airport Chef","Los Angeles, CA","https://hellskitchen.fandom.com/wiki/Vanessa_Soltero",NA,"1","1","0","1","16th","16 Chefs Compete","1 out of 5"
"Season 16","Jessica Boynton",32,"University Chef","Raleigh, NC","https://hellskitchen.fandom.com/wiki/Jessica_Boynton",NA,"2","2","0","1","16th","The Yolks on Them","1 out of 5"
"Season 16","Genaro Delillo",26,"Sous Chef","Lebanon, PA","https://hellskitchen.fandom.com/wiki/Genaro_Delillo",NA,"1","0","0","1","17th","Crepe Grand Prix","1 out of 5"
"Season 16","Paulie Giganti",34,"Executive Chef","Brooklyn, NY","https://hellskitchen.fandom.com/wiki/Paulie_Giganti","3 out of 4","7","2","2","5","4th","Playing Your Cards Right","5 out of 5"
"Season 16","Shaina Hayden",28,"Banquet Chef","Long Island, NY","https://hellskitchen.fandom.com/wiki/Shaina_Hayden","2 out of 4","4","4","1","2","10th","Dancing in the Grotto","3 out of 5"
"Season 16","Matt Hearn",27,"Sauté Chef","Los Angeles, CA","https://hellskitchen.fandom.com/wiki/Matt_Hearn","2 out of 4","6","4","1","2","9th","Dancing in the Grotto","1 out of 5"
"Season 16","Johnny McDevitt",29,"Burger Chef","Philadelphia, PA","https://hellskitchen.fandom.com/wiki/Johnny_McDevitt",NA,"4","2","2","2","12th","Dancing with the Chefs","4 out of 5"
"Season 16","Wendy Mendez",32,"Line Cook & Pastry Chef","Bronx, NY","https://hellskitchen.fandom.com/wiki/Wendy_Mendez","6 out of 10","5","4","1","5","8th","Aerial Maneuvers","2 out of 5"
"Season 16","Heidi Parent",33,"Executive Chef","Auburn, ME","https://hellskitchen.fandom.com/wiki/Heidi_Parent","2 out of 4","5","8","1","0","3rd","Tequila Shots?","4 out of 5"
"Season 16","Andrew Pearce",27,"Sous Chef","Prospect Park, PA","https://hellskitchen.fandom.com/wiki/Andrew_Pearce","2 out of 6","6","6","1","0","6th","Black Jacket Lounge","2 out of 5"
"Season 16","Kimberly Roth",34,"Sushi Chef","Ontario, NY","https://hellskitchen.fandom.com/wiki/Kimberly_Roth","3 out of 4","5","8","0","2","5th","Playing Your Cards Right","1 out of 5"
"Season 16","Kimberly-Ann Ryan",29,"Event Chef","Traverse City, MI","https://hellskitchen.fandom.com/wiki/Kimberly-Ann_Ryan","1 out of 4","7","6","2","0","Winner",NA,"5 out of 5"
"Season 16","Devin Simpson",33,"Assistant Restaurant Manager","Mount Pleasant, SC","https://hellskitchen.fandom.com/wiki/Devin_Simpson","1 out of 4","7","2","2","3","7th","Fusion Confusion","1 out of 5"
"Season 16","Aaron Smock",22,"Culinary Student","Frankenmuth, MI","https://hellskitchen.fandom.com/wiki/Aaron_Smock",NA,"3","1","0","3","14th","Walking the Plank","4 out of 5"
"Season 16","Pat Tortorello",47,"Culinary Instructor","Belleville, NJ","https://hellskitchen.fandom.com/wiki/Pat_Tortorello",NA,"0","0","0","1","18th","When the Wall Comes Tumbling Down","3 out of 5"
"Season 16","Heather Williams",26,"Sous Chef","Easton, PA","https://hellskitchen.fandom.com/wiki/Heather_Williams","3 out of 4","7","8","1","0","Runner-up",NA,"5 out of 5"
"Season 16","Koop Wynkoop",28,"Kitchen Manager","Carey, OH","https://hellskitchen.fandom.com/wiki/Koop_Wynkoop","2 out of 4","5","2","1","2","11th","Spoon Fed","4 out of 5"
"Season 16","Aziza Young",34,"Kitchen Manager","Harrisburg, PA","https://hellskitchen.fandom.com/wiki/Aziza_Young",NA,"2","4","0","1","13th","Let the Catfights Begin","2 out of 5"
"Season 16","Gia Young",31,"Catering Chef","Queens, NY","https://hellskitchen.fandom.com/wiki/Gia_Young",NA,"2","3","0","1","15th","Surf Riding & Turf Fighting","4 out of 5"
